[
    {
        "uuid": 9003,
        "image": "card-mouse",
        "name": "Mouse",
        "type": "mana",
        "provides": {
            "mouse": 1
        }
    },
    {
        "uuid": 9004,
        "image": "card-bird",
        "name": "Bird",
        "type": "mana",
        "provides": {
            "bird": 1
        }
    },
    {
        "uuid": 9005,
        "image": "card-fish",
        "name": "Fish",
        "type": "mana",
        "provides": {
            "fish": 1
        }
    },
    {
        "uuid": 2001,
        "image": "domestic-housecat",
        "name": "Domestic Housecat",
        "type": "creature",
        "requires": {
            "mouse": 1
        },
        "strength": 1,
        "toughness": 1
    },
    {
        "uuid": 2002,
        "image": "kallie-cat",
        "name": "Kallie",
        "type": "creature",
        "requires": {
            "bird": 1
        },
        "strength": 2,
        "toughness": 1
    },
    {
        "uuid": 2003,
        "image": "alice",
        "name": "Alice",
        "type": "creature",
        "requires": {
            "bird": 2
        },
        "strength": 3,
        "toughness": 2
    },
    {
        "uuid": 2004,
        "image": "ninja-cat",
        "name": "Ninja Cat",
        "type": "creature",
        "requires": {
            "bird": 3
        },
        "strength": 5,
        "toughness": 2
    },
    {
        "uuid": 2005,
        "image": "felix",
        "name": "Felix",
        "type": "creature",
        "requires": {
            "mouse": 2
        },
        "strength": 2,
        "toughness": 3
    }
]