{
    "default": {
        "cards": [
            9003,
            9003,
            9003,
            9003,
            9003,
            9004,
            9004,
            9004,
            2001,
            2001,
            2001,
            2001,
            2001,
            2001,
            2001,
            2001,
            2002,
            2002,
            2002,
            2002
        ]
    },
    "newb-zombie": {
        "name": "Zombie",
        "hp": 10,
        "cards": [
            9001,
            9001,
            9001,
            9001,
            9001,
            9001,
            9001,
            9001,
            9001,
            9001,
            1001,
            1001,
            1001,
            1001,
            1001,
            1001,
            1001,
            1001,
            1001,
            1001
        ]
    },
    "store-zombie": {
        "name": "Zombie",
        "hp": 15,
        "cards": [
            9001,
            9001,
            9001,
            9001,
            9001,
            9001,
            9001,
            9001,
            1001,
            1001,
            1001,
            1001,
            1001,
            1001,
            1001,
            1001,
            1001,
            1001,
            1002,
            1002
        ]
    },
    "vet-zombie": {
        "name": "Zombie",
        "hp": 20,
        "cards": [
            9001,
            9001,
            9001,
            9001,
            9001,
            9001,
            9001,
            9001,
            1001,
            1001,
            1001,
            1001,
            1001,
            1001,
            1002,
            1002,
            1002,
            1002,
            1002,
            1002
        ]
    },
    "dojo-zombie": {
        "name": "Zombie",
        "hp": 20,
        "cards": [
            9001,
            9001,
            9001,
            9001,
            9001,
            9001,
            9002,
            9002,
            9002,
            9002,
            1001,
            1001,
            1001,
            1001,
            1002,
            1002,
            1002,
            1003,
            1003,
            1003
        ]
    },
    "necromancer": {
        "name": "Necromancer",
        "hp": 25,
        "cards": [
            9001,
            9001,
            9001,
            9001,
            9002,
            9002,
            9002,
            9002,
            9002,
            9002,
            1001,
            1001,
            1002,
            1002,
            1003,
            1003,
            1003,
            1003,
            1004,
            1004
        ]
    }
}